Country,2000,2001,2002,2003,2004,2005,2006,2007,2008,2009,2010,2011,2012,2013,2014,2015,2016,2017,2018,2019,2020,2021,2022
Aruba,NA,NA,NA,NA,NA,NA,NA,NA,NA,NA,NA,NA,NA,NA,NA,NA,NA,NA,NA,NA,NA,NA,NA
Afghanistan,NA,47.80,45.60,40.60,38.00,36.10,33.30,29.80,26.50,23.30,21.20,20.20,21.10,20.70,20.70,21.50,22.20,23.00,24.00,26.90,29.80,NA,NA
Angola,NA,67.50,63.20,58.70,55.10,52.20,49.30,46.10,42.90,33.10,23.90,16.40,15.10,14.30,13.70,14.50,15.40,15.40,15.70,17.90,20.80,NA,NA
Albania,NA,4.90,6.10,7.50,8.60,8.90,8.80,8.30,7.30,6.30,5.80,5.40,5.10,5.00,5.00,4.90,4.70,4.70,4.60,4.30,3.90,NA,NA
Andorra,NA,NA,NA,NA,NA,NA,NA,NA,NA,NA,NA,NA,NA,NA,NA,NA,NA,NA,NA,NA,NA,NA,NA
United Arab Emirates,NA,2.80,3.80,5.10,6.90,8.00,8.30,8.10,7.40,8.00,8.40,8.80,7.90,7.10,6.60,6.50,6.30,6.40,6.20,6.00,5.60,NA,NA
Argentina,NA,3.00,3.80,4.50,4.00,3.70,3.40,3.30,3.30,3.20,3.10,2.90,2.80,2.60,2.50,2.50,2.60,3.10,3.40,3.50,3.70,NA,NA
Armenia,NA,26.10,24.50,21.10,16.00,12.30,9.30,6.90,5.60,4.40,3.70,3.40,3.20,3.20,2.80,2.80,2.70,2.80,2.90,3.10,3.50,NA,NA
American Samoa,NA,NA,NA,NA,NA,NA,NA,NA,NA,NA,NA,NA,NA,NA,NA,NA,NA,NA,NA,NA,NA,NA,NA
Antigua and Barbuda,NA,NA,NA,NA,NA,NA,NA,NA,NA,NA,NA,NA,NA,NA,NA,NA,NA,NA,NA,NA,NA,NA,NA
Australia,NA,2.50,2.50,2.50,2.50,2.50,2.50,2.50,2.50,2.50,2.50,2.50,2.50,2.50,2.50,2.50,2.50,2.50,2.50,2.50,2.50,NA,NA
Austria,NA,2.50,2.50,2.50,2.50,2.50,2.50,2.50,2.50,2.50,2.50,2.50,2.50,2.50,2.50,2.50,2.50,2.50,2.50,2.50,2.50,NA,NA
Azerbaijan,NA,17.00,13.40,10.40,7.40,4.80,2.80,2.50,2.50,2.50,2.50,2.50,2.50,2.50,2.50,2.50,2.50,2.50,2.50,2.50,2.50,NA,NA
Burundi,NA,NA,NA,NA,NA,NA,NA,NA,NA,NA,NA,NA,NA,NA,NA,NA,NA,NA,NA,NA,NA,NA,NA
Belgium,NA,2.50,2.50,2.50,2.50,2.50,2.50,2.50,2.50,2.50,2.50,2.50,2.50,2.50,2.50,2.50,2.50,2.50,2.50,2.50,2.50,NA,NA
Benin,NA,17.20,15.50,13.70,13.20,12.00,11.00,10.10,9.00,8.80,8.20,7.90,7.60,7.50,7.40,7.30,7.60,7.90,8.10,7.70,7.40,NA,NA
Burkina Faso,NA,22.60,20.50,18.60,18.10,17.50,17.10,16.00,15.40,14.10,13.30,12.60,12.20,11.80,11.80,12.00,12.30,12.40,12.70,14.10,18.00,NA,NA
Bangladesh,NA,15.90,15.10,14.90,14.40,14.20,13.80,13.90,13.60,14.80,15.20,15.80,15.30,15.00,14.10,14.00,13.30,12.50,11.50,11.00,11.40,NA,NA
Bulgaria,NA,4.00,4.20,4.50,4.90,4.90,5.10,4.60,4.50,4.10,4.00,4.00,3.70,3.20,3.30,3.40,3.50,3.00,2.80,3.00,3.00,NA,NA
Bahrain,NA,NA,NA,NA,NA,NA,NA,NA,NA,NA,NA,NA,NA,NA,NA,NA,NA,NA,NA,NA,NA,NA,NA
"Bahamas, The",NA,NA,NA,NA,NA,NA,NA,NA,NA,NA,NA,NA,NA,NA,NA,NA,NA,NA,NA,NA,NA,NA,NA
Bosnia and Herzegovina,NA,3.20,3.00,2.60,2.50,2.50,2.50,2.50,2.50,2.50,2.50,2.50,2.50,2.50,2.50,2.50,2.50,2.50,2.50,2.50,2.50,NA,NA
Belarus,NA,2.50,2.70,3.30,3.30,2.50,2.50,2.50,2.50,2.50,2.50,2.50,2.50,2.50,2.50,2.50,2.50,2.50,2.50,2.50,2.50,NA,NA
Belize,NA,5.80,5.40,5.50,5.50,5.70,5.80,6.60,7.10,6.90,6.50,6.40,6.80,7.40,7.70,7.80,7.20,7.00,6.70,6.80,7.40,NA,NA
Bermuda,NA,NA,NA,NA,NA,NA,NA,NA,NA,NA,NA,NA,NA,NA,NA,NA,NA,NA,NA,NA,NA,NA,NA
Bolivia,NA,27.90,26.90,27.70,27.70,26.80,24.60,23.90,24.70,22.90,20.40,17.30,16.70,16.50,15.60,14.30,13.10,12.50,12.10,11.90,13.90,NA,NA
Brazil,NA,10.70,9.30,7.90,6.80,6.50,6.20,5.60,5.10,4.30,3.70,3.20,3.00,2.80,2.50,2.50,2.50,2.50,2.50,2.60,4.10,NA,NA
Barbados,NA,6.40,6.20,6.70,6.20,6.10,5.30,5.30,4.90,4.50,4.30,4.20,4.40,4.40,4.40,4.30,4.40,4.30,4.10,3.70,3.40,NA,NA
Brunei Darussalam,NA,20.00,19.30,18.30,17.70,17.00,16.20,15.20,14.20,12.80,11.40,10.00,9.20,8.40,8.00,7.40,6.80,6.20,5.80,5.80,5.90,NA,NA
Bhutan,NA,NA,NA,NA,NA,NA,NA,NA,NA,NA,NA,NA,NA,NA,NA,NA,NA,NA,NA,NA,NA,NA,NA
Botswana,NA,23.70,24.10,24.50,23.70,22.60,22.30,22.20,22.00,21.90,21.50,21.00,20.30,19.70,19.30,19.60,20.10,21.30,21.50,22.10,21.90,NA,NA
Central African Republic,NA,39.20,40.10,40.60,40.50,39.60,37.70,35.70,33.30,31.90,30.30,29.60,33.00,40.20,47.90,49.90,48.60,46.10,46.80,49.20,52.20,NA,NA
Canada,NA,2.50,2.50,2.50,2.50,2.50,2.50,2.50,2.50,2.50,2.50,2.50,2.50,2.50,2.50,2.50,2.50,2.50,2.50,2.50,2.50,NA,NA
Switzerland,NA,2.50,2.50,2.50,2.50,2.50,2.50,2.50,2.50,2.50,2.50,2.50,2.50,2.50,2.50,2.50,2.50,2.50,2.50,2.50,2.50,NA,NA
Channel Islands,NA,NA,NA,NA,NA,NA,NA,NA,NA,NA,NA,NA,NA,NA,NA,NA,NA,NA,NA,NA,NA,NA,NA
Chile,NA,3.40,3.20,3.20,3.20,3.10,3.10,3.10,3.40,3.50,3.40,3.30,3.10,3.10,3.00,3.10,3.10,2.90,2.70,2.60,2.60,NA,NA
China,NA,10.00,9.40,8.60,7.90,7.00,6.10,5.00,4.00,2.80,2.50,2.50,2.50,2.50,2.50,2.50,2.50,2.50,2.50,2.50,2.50,NA,NA
Cote d'Ivoire,NA,20.40,21.00,20.60,19.30,18.30,17.60,17.90,18.20,16.30,13.60,10.90,10.00,9.90,9.20,8.30,6.90,6.00,5.20,4.70,4.40,NA,NA
Cameroon,NA,22.90,20.70,19.30,17.60,15.90,14.10,12.60,11.20,8.80,7.10,5.60,5.20,5.20,5.30,5.40,5.90,6.60,6.90,6.70,6.70,NA,NA
"Congo, Dem. Rep.",NA,32.20,33.70,34.50,34.70,34.60,34.60,34.50,34.50,34.50,34.20,34.50,35.10,35.10,35.10,35.50,36.00,36.40,36.30,37.70,39.80,NA,NA
"Congo, Rep.",NA,27.00,26.40,26.40,31.70,34.00,36.60,35.40,35.50,36.00,36.50,35.90,32.90,28.20,25.30,25.20,26.40,28.30,29.30,29.90,31.60,NA,NA
Colombia,NA,8.70,9.10,9.80,10.60,11.20,11.40,11.00,11.30,12.10,12.90,12.30,10.70,8.90,7.50,6.50,6.00,5.90,6.20,7.20,8.20,NA,NA
Comoros,NA,NA,NA,NA,NA,NA,NA,NA,NA,NA,NA,NA,NA,NA,NA,NA,NA,NA,NA,NA,NA,NA,NA
Cabo Verde,NA,14.50,14.40,13.10,11.30,11.00,11.40,12.30,13.10,14.10,14.20,14.10,14.30,15.10,16.20,16.80,17.00,16.20,15.40,14.50,17.70,NA,NA
Costa Rica,NA,4.70,5.00,5.20,5.00,4.40,3.90,3.80,3.90,4.30,4.60,5.00,5.00,4.90,4.70,4.10,3.60,3.20,3.20,3.40,3.40,NA,NA
Cuba,NA,2.50,2.50,2.50,2.50,2.50,2.50,2.50,2.50,2.50,2.50,2.50,2.50,2.50,2.50,2.50,2.50,2.50,2.50,2.50,2.50,NA,NA
Curacao,NA,NA,NA,NA,NA,NA,NA,NA,NA,NA,NA,NA,NA,NA,NA,NA,NA,NA,NA,NA,NA,NA,NA
Cayman Islands,NA,NA,NA,NA,NA,NA,NA,NA,NA,NA,NA,NA,NA,NA,NA,NA,NA,NA,NA,NA,NA,NA,NA
Cyprus,NA,5.10,5.70,6.10,6.90,7.60,7.50,6.90,6.40,4.70,3.00,2.50,2.50,2.50,2.50,2.50,2.50,2.50,2.50,2.50,2.50,NA,NA
Czech Republic,NA,2.50,2.50,2.50,2.50,2.50,2.50,2.50,2.50,2.50,2.50,2.50,2.50,2.50,2.50,2.50,2.50,2.50,2.50,2.50,2.50,NA,NA
Germany,NA,2.50,2.50,2.50,2.50,2.50,2.50,2.50,2.50,2.50,2.50,2.50,2.50,2.50,2.50,2.50,2.50,2.50,2.50,2.50,2.50,NA,NA
Djibouti,NA,42.00,40.80,38.20,34.70,31.30,27.30,25.10,23.40,23.10,22.40,21.30,19.80,17.80,15.70,14.20,13.60,13.50,13.10,13.10,13.50,NA,NA
Dominica,NA,3.70,4.10,4.70,5.00,5.40,5.00,4.60,4.10,4.50,4.80,5.20,5.40,5.50,5.30,5.30,5.40,5.70,5.70,6.50,6.90,NA,NA
Denmark,NA,2.50,2.50,2.50,2.50,2.50,2.50,2.50,2.50,2.50,2.50,2.50,2.50,2.50,2.50,2.50,2.50,2.50,2.50,2.50,2.50,NA,NA
Dominican Republic,NA,20.40,22.60,23.60,23.00,19.20,16.40,16.20,16.00,15.20,13.00,11.10,9.80,8.80,8.20,7.40,6.80,6.20,6.10,7.00,6.70,NA,NA
Algeria,NA,8.00,7.30,7.00,7.00,6.70,6.40,5.90,5.60,5.10,4.30,3.80,3.20,3.00,2.90,2.80,2.80,2.70,2.50,2.50,2.50,NA,NA
Ecuador,NA,21.00,22.70,22.70,22.70,22.40,22.80,22.10,21.30,16.00,12.30,8.40,8.80,8.80,8.70,9.00,9.70,10.70,11.60,13.70,15.40,NA,NA
"Egypt, Arab Rep.",NA,5.20,5.40,6.00,6.40,6.40,6.00,5.70,5.60,4.90,4.50,3.80,4.00,4.10,4.20,4.40,4.60,4.90,4.90,5.00,5.10,NA,NA
Eritrea,NA,NA,NA,NA,NA,NA,NA,NA,NA,NA,NA,NA,NA,NA,NA,NA,NA,NA,NA,NA,NA,NA,NA
Spain,NA,2.50,2.50,2.50,2.50,2.50,2.50,2.50,2.50,2.50,2.50,2.50,2.50,2.50,2.50,2.50,2.50,2.50,2.50,2.50,2.50,NA,NA
Estonia,NA,3.60,3.50,3.30,2.90,2.50,2.50,2.50,2.50,2.50,2.50,2.50,2.50,2.50,2.50,2.50,2.50,2.50,2.50,2.50,2.50,NA,NA
Ethiopia,NA,47.00,44.20,42.60,39.00,37.10,35.60,35.00,33.50,28.50,24.70,20.90,19.40,17.70,15.90,14.80,14.40,15.70,18.20,21.90,24.90,NA,NA
Finland,NA,2.50,2.50,2.50,2.50,2.50,2.50,2.50,2.50,2.50,2.50,2.50,2.50,2.50,2.50,2.50,2.50,2.50,2.50,2.50,2.50,NA,NA
Fiji,NA,4.00,3.80,3.90,3.80,3.70,3.70,3.70,3.90,4.80,5.60,6.60,6.50,6.70,6.30,6.50,6.30,6.20,5.50,4.90,5.70,NA,NA
France,NA,2.50,2.50,2.50,2.50,2.50,2.50,2.50,2.50,2.50,2.50,2.50,2.50,2.50,2.50,2.50,2.50,2.50,2.50,2.50,2.50,NA,NA
Faroe Islands,NA,NA,NA,NA,NA,NA,NA,NA,NA,NA,NA,NA,NA,NA,NA,NA,NA,NA,NA,NA,NA,NA,NA
"Micronesia, Fed. Sts.",NA,NA,NA,NA,NA,NA,NA,NA,NA,NA,NA,NA,NA,NA,NA,NA,NA,NA,NA,NA,NA,NA,NA
Gabon,NA,10.70,12.10,13.30,13.90,14.30,14.80,15.90,16.80,16.30,14.70,13.10,12.80,12.90,13.30,13.90,15.10,16.10,17.00,16.60,17.20,NA,NA
United Kingdom,NA,2.50,2.50,2.50,2.50,2.50,2.50,2.50,2.50,2.50,2.50,2.50,2.50,2.50,2.50,2.50,2.50,2.50,2.50,2.50,2.50,NA,NA
Georgia,NA,7.70,5.90,4.80,4.10,4.10,4.00,4.00,3.60,5.00,6.70,8.20,7.80,7.90,7.90,8.10,8.30,8.10,7.80,7.80,7.60,NA,NA
Ghana,NA,14.90,13.50,12.60,12.20,11.20,10.60,9.40,8.20,6.60,6.10,6.10,6.40,6.60,7.10,7.70,7.70,7.10,6.20,5.20,4.10,NA,NA
Gibraltar,NA,NA,NA,NA,NA,NA,NA,NA,NA,NA,NA,NA,NA,NA,NA,NA,NA,NA,NA,NA,NA,NA,NA
Guinea,NA,NA,NA,NA,NA,NA,NA,NA,NA,NA,NA,NA,NA,NA,NA,NA,NA,NA,NA,NA,NA,NA,NA
"Gambia, The",NA,17.80,19.60,20.50,20.70,21.70,20.70,18.70,15.80,12.80,10.40,8.70,9.10,9.80,10.50,11.00,11.60,12.20,13.10,18.00,21.60,NA,NA
Guinea-Bissau,NA,NA,NA,NA,NA,NA,NA,NA,NA,NA,NA,NA,NA,NA,NA,NA,NA,NA,NA,NA,NA,NA,NA
Equatorial Guinea,NA,NA,NA,NA,NA,NA,NA,NA,NA,NA,NA,NA,NA,NA,NA,NA,NA,NA,NA,NA,NA,NA,NA
Greece,NA,2.50,2.50,2.50,2.50,2.50,2.50,2.50,2.50,2.50,2.50,2.50,2.50,2.50,2.50,2.50,2.50,2.50,2.50,2.50,2.50,NA,NA
Grenada,NA,NA,NA,NA,NA,NA,NA,NA,NA,NA,NA,NA,NA,NA,NA,NA,NA,NA,NA,NA,NA,NA,NA
Greenland,NA,NA,NA,NA,NA,NA,NA,NA,NA,NA,NA,NA,NA,NA,NA,NA,NA,NA,NA,NA,NA,NA,NA
Guatemala,NA,22.20,19.90,18.90,19.10,18.90,17.80,18.20,17.90,17.60,16.40,16.30,16.80,17.50,17.70,17.30,16.40,16.30,16.20,16.30,16.00,NA,NA
Guam,NA,NA,NA,NA,NA,NA,NA,NA,NA,NA,NA,NA,NA,NA,NA,NA,NA,NA,NA,NA,NA,NA,NA
Guyana,NA,6.50,6.50,6.80,6.90,7.10,7.10,7.50,7.60,8.40,8.70,8.60,8.00,7.40,7.00,6.80,6.40,6.10,5.40,5.00,4.90,NA,NA
"Hong Kong SAR, China",NA,2.50,2.50,2.50,2.50,2.50,2.50,2.50,2.50,2.50,2.50,2.50,2.50,2.50,2.50,2.50,2.50,2.50,2.50,2.50,2.50,NA,NA
Honduras,NA,21.90,21.20,21.70,22.20,22.30,21.80,21.00,20.80,18.30,15.80,13.40,13.40,14.20,14.60,14.50,13.80,13.20,13.10,13.30,15.30,NA,NA
Croatia,NA,6.80,4.60,3.70,3.10,2.50,2.50,2.50,2.50,2.50,2.50,2.50,2.50,2.50,2.50,2.50,2.50,2.50,2.50,2.50,2.50,NA,NA
Haiti,NA,50.70,52.60,53.00,53.70,52.90,51.90,50.10,48.60,45.80,44.40,44.00,44.70,43.70,42.60,42.40,43.20,44.60,45.40,46.40,47.20,NA,NA
Hungary,NA,2.50,2.50,2.50,2.50,2.50,2.50,2.50,2.50,2.50,2.50,2.50,2.50,2.50,2.50,2.50,2.50,2.50,2.50,2.50,2.50,NA,NA
Indonesia,NA,19.20,19.10,18.90,19.10,19.20,19.00,18.50,17.40,15.40,13.00,10.70,9.30,8.20,7.90,7.20,6.60,5.90,5.90,6.20,6.50,NA,NA
Isle of Man,NA,NA,NA,NA,NA,NA,NA,NA,NA,NA,NA,NA,NA,NA,NA,NA,NA,NA,NA,NA,NA,NA,NA
India,NA,18.40,20.10,21.50,22.10,21.60,19.60,17.50,16.60,16.30,15.90,15.40,14.90,14.90,14.80,14.50,13.90,13.20,13.30,14.60,16.30,NA,NA
Ireland,NA,2.50,2.50,2.50,2.50,2.50,2.50,2.50,2.50,2.50,2.50,2.50,2.50,2.50,2.50,2.50,2.50,2.50,2.50,2.50,2.50,NA,NA
"Iran, Islamic Rep.",NA,4.80,5.00,5.00,4.90,5.20,5.50,5.70,5.40,5.50,6.10,6.30,6.00,5.10,4.90,4.70,4.90,5.20,5.20,4.90,4.10,NA,NA
Iraq,NA,22.10,21.40,20.20,19.40,17.90,18.00,17.80,17.00,15.80,15.00,15.90,16.60,16.80,17.30,18.40,19.10,18.80,18.10,17.40,15.90,NA,NA
Iceland,NA,2.50,2.50,2.50,2.50,2.50,2.50,2.50,2.50,2.50,2.50,2.50,2.50,2.50,2.50,2.50,2.50,2.50,2.50,2.50,2.50,NA,NA
Israel,NA,2.50,2.50,2.50,2.50,2.50,2.50,2.50,2.50,2.50,2.50,2.50,2.50,2.50,2.50,2.50,2.50,2.50,2.50,2.50,2.50,NA,NA
Italy,NA,2.50,2.50,2.50,2.50,2.50,2.50,2.50,2.50,2.50,2.50,2.50,2.50,2.50,2.50,2.50,2.50,2.50,2.50,2.50,2.50,NA,NA
Jamaica,NA,7.40,6.90,7.00,7.10,7.40,7.70,8.30,9.00,9.60,9.70,9.90,9.70,9.70,9.30,9.70,9.30,9.00,8.10,7.50,6.90,NA,NA
Jordan,NA,9.70,7.70,6.30,5.70,5.50,5.70,6.10,6.50,6.40,6.20,6.10,6.30,6.00,6.00,6.30,7.10,8.80,11.20,14.60,16.90,NA,NA
Japan,NA,2.50,2.50,2.50,2.50,2.50,2.50,2.50,2.50,2.60,2.70,2.50,2.50,2.50,2.50,2.50,2.50,2.50,2.50,2.80,3.20,NA,NA
Kazakhstan,NA,6.50,6.60,7.10,7.50,7.30,6.30,5.10,4.30,3.70,3.20,2.60,2.50,2.50,2.50,2.50,2.50,2.50,2.50,2.50,2.50,NA,NA
Kenya,NA,32.20,33.60,34.90,32.10,28.50,26.10,26.90,26.60,24.70,22.20,20.60,19.80,19.50,19.60,21.50,23.30,25.10,24.70,25.60,26.90,NA,NA
Kyrgyz Republic,NA,15.00,12.90,10.60,8.50,8.50,9.00,9.60,8.80,8.20,7.30,6.70,6.30,6.10,6.10,6.30,6.10,5.80,5.40,5.20,5.30,NA,NA
Cambodia,NA,23.60,21.20,19.40,18.50,17.00,15.60,14.80,14.50,13.00,11.20,9.70,9.50,9.40,9.20,8.90,8.50,7.70,6.60,6.00,6.30,NA,NA
Kiribati,NA,4.40,4.60,5.00,5.10,5.30,5.50,6.00,6.20,5.40,4.40,3.50,3.30,3.30,3.20,3.20,3.30,3.40,3.90,4.00,4.20,NA,NA
St. Kitts and Nevis,NA,NA,NA,NA,NA,NA,NA,NA,NA,NA,NA,NA,NA,NA,NA,NA,NA,NA,NA,NA,NA,NA,NA
"Korea, Rep.",NA,2.50,2.60,2.60,2.60,2.50,2.50,2.50,2.50,2.50,2.50,2.50,2.50,2.50,2.50,2.50,2.50,2.50,2.50,2.50,2.50,NA,NA
Kuwait,NA,2.60,2.50,2.50,2.50,2.50,2.50,2.50,2.50,2.50,2.50,2.50,2.50,2.50,2.50,2.50,2.50,2.50,2.50,2.50,2.70,NA,NA
Lao PDR,NA,31.20,29.50,26.90,24.10,22.40,20.60,20.10,18.30,16.80,14.10,12.80,11.30,10.00,8.00,6.70,5.90,5.60,5.30,5.40,5.10,NA,NA
Lebanon,NA,7.80,8.60,9.60,10.70,10.90,10.50,9.90,9.40,7.60,5.70,4.20,4.60,5.00,5.50,5.90,6.20,6.80,7.10,9.00,10.90,NA,NA
Liberia,NA,36.60,38.10,37.60,36.50,35.80,35.30,34.40,32.90,33.10,34.50,35.70,36.20,36.10,36.80,36.40,36.30,36.60,37.50,39.20,38.30,NA,NA
Libya,NA,NA,NA,NA,NA,NA,NA,NA,NA,NA,NA,NA,NA,NA,NA,NA,NA,NA,NA,NA,NA,NA,NA
St. Lucia,NA,NA,NA,NA,NA,NA,NA,NA,NA,NA,NA,NA,NA,NA,NA,NA,NA,NA,NA,NA,NA,NA,NA
Liechtenstein,NA,NA,NA,NA,NA,NA,NA,NA,NA,NA,NA,NA,NA,NA,NA,NA,NA,NA,NA,NA,NA,NA,NA
Sri Lanka,NA,16.70,16.10,15.70,15.00,14.00,13.20,11.80,10.80,9.80,9.60,8.90,8.10,7.00,6.00,5.20,4.70,4.30,4.10,3.70,3.40,NA,NA
Lesotho,NA,20.00,18.50,16.80,15.30,13.70,12.80,12.40,12.30,11.90,11.60,12.00,14.80,19.30,26.10,30.30,32.00,29.50,28.70,31.20,34.70,NA,NA
Lithuania,NA,2.50,2.50,2.50,2.50,2.50,2.50,2.50,2.50,2.50,2.50,2.50,2.50,2.50,2.50,2.50,2.50,2.50,2.50,2.50,2.50,NA,NA
Luxembourg,NA,2.50,2.50,2.50,2.50,2.50,2.50,2.50,2.50,2.50,2.50,2.50,2.50,2.50,2.50,2.50,2.50,2.50,2.50,2.50,2.50,NA,NA
Latvia,NA,4.60,3.40,2.80,2.50,2.50,2.50,2.50,2.50,2.50,2.50,2.50,2.50,2.50,2.50,2.50,2.50,2.50,2.50,2.50,2.50,NA,NA
"Macao SAR, China",NA,21.20,20.60,19.10,17.30,16.00,15.20,14.90,14.50,12.40,9.70,7.20,6.50,6.00,5.50,5.10,5.00,4.90,4.70,4.60,4.80,NA,NA
St. Martin (French part),NA,NA,NA,NA,NA,NA,NA,NA,NA,NA,NA,NA,NA,NA,NA,NA,NA,NA,NA,NA,NA,NA,NA
Morocco,NA,6.30,5.90,5.60,5.50,5.50,5.60,5.50,5.60,5.40,5.10,4.60,4.40,4.20,4.10,3.80,3.80,3.70,3.80,4.40,5.60,NA,NA
Monaco,NA,NA,NA,NA,NA,NA,NA,NA,NA,NA,NA,NA,NA,NA,NA,NA,NA,NA,NA,NA,NA,NA,NA
Moldova,NA,NA,NA,NA,NA,NA,NA,NA,NA,NA,NA,NA,NA,NA,NA,NA,NA,NA,NA,NA,NA,NA,NA
Madagascar,NA,33.80,35.20,36.50,35.00,33.40,31.00,30.50,30.40,29.70,28.20,27.30,29.40,33.00,37.60,40.20,41.60,42.30,44.30,47.40,48.50,NA,NA
Maldives,NA,NA,NA,NA,NA,NA,NA,NA,NA,NA,NA,NA,NA,NA,NA,NA,NA,NA,NA,NA,NA,NA,NA
Mexico,NA,3.30,3.70,4.30,4.60,4.40,4.10,4.10,4.50,4.70,4.80,4.70,4.60,4.20,4.40,5.00,5.80,6.10,6.00,6.00,6.10,NA,NA
Marshall Islands,NA,NA,NA,NA,NA,NA,NA,NA,NA,NA,NA,NA,NA,NA,NA,NA,NA,NA,NA,NA,NA,NA,NA
North Macedonia,NA,7.50,7.50,5.80,5.50,5.00,4.40,3.60,2.90,3.10,3.40,3.60,3.70,3.60,3.50,3.30,3.00,2.80,2.50,3.10,3.30,NA,NA
Mali,NA,16.20,15.20,15.10,14.40,13.30,11.90,10.40,9.40,7.40,5.80,4.20,3.90,3.70,3.60,3.40,3.10,3.10,3.40,5.60,9.80,NA,NA
Malta,NA,2.50,2.50,2.50,2.50,2.50,2.50,2.50,2.50,2.50,2.50,2.50,2.50,2.50,2.50,2.50,2.50,2.50,2.50,2.50,2.50,NA,NA
Myanmar,NA,37.60,34.80,32.40,30.20,27.80,24.50,20.50,17.10,12.90,10.20,7.80,7.10,6.10,5.10,4.20,3.50,3.00,2.60,2.50,3.10,NA,NA
Montenegro,NA,9.60,9.20,8.40,7.70,5.50,3.10,2.50,2.50,2.50,2.50,2.50,2.50,2.50,2.50,2.50,2.50,2.50,2.50,2.50,2.50,NA,NA
Mongolia,NA,31.10,30.60,30.80,30.70,29.60,27.40,25.20,22.30,19.60,16.50,14.10,12.50,11.40,10.10,8.40,7.40,6.30,5.50,4.00,3.60,NA,NA
Northern Mariana Islands,NA,NA,NA,NA,NA,NA,NA,NA,NA,NA,NA,NA,NA,NA,NA,NA,NA,NA,NA,NA,NA,NA,NA
Mozambique,NA,36.50,35.20,34.10,34.10,33.30,32.40,29.90,28.60,25.80,24.10,21.80,21.00,22.40,25.70,29.70,31.50,31.40,31.00,31.80,32.70,NA,NA
Mauritania,NA,8.30,7.90,8.30,8.50,9.40,8.80,8.10,7.30,7.80,8.20,8.30,7.90,7.90,8.00,8.30,8.50,8.50,8.60,9.20,10.10,NA,NA
Mauritius,NA,5.70,5.60,5.40,5.20,5.10,5.00,5.20,5.00,4.70,4.30,4.50,4.90,5.20,5.30,5.60,5.80,6.00,6.00,7.20,7.80,NA,NA
Malawi,NA,23.60,23.80,24.60,24.00,22.50,20.80,19.30,19.00,17.10,15.50,13.70,14.00,14.80,15.40,16.00,16.10,16.60,16.80,17.60,17.80,NA,NA
Malaysia,NA,2.50,2.80,2.90,3.10,3.20,3.40,3.60,3.60,3.70,3.40,3.30,3.30,3.50,3.60,3.80,3.50,3.20,2.70,2.60,2.50,NA,NA
Namibia,NA,13.50,14.50,15.70,16.60,18.20,20.10,23.50,27.60,29.50,28.80,25.50,23.50,22.20,21.50,21.00,20.20,19.90,20.00,18.90,18.00,NA,NA
New Caledonia,NA,8.40,8.70,9.10,9.50,9.60,9.50,9.40,9.10,8.20,7.30,6.60,6.60,6.40,6.20,6.20,6.50,6.70,6.80,6.80,6.80,NA,NA
Niger,NA,NA,NA,NA,NA,NA,NA,NA,NA,NA,NA,NA,NA,NA,NA,NA,NA,NA,NA,NA,NA,NA,NA
Nigeria,NA,8.90,8.90,8.60,7.90,7.10,6.70,6.60,6.80,7.50,8.20,8.80,9.10,9.10,9.20,9.20,9.40,10.00,10.40,12.00,12.70,NA,NA
Nicaragua,NA,27.50,25.20,25.00,24.00,23.30,22.20,21.60,21.20,20.80,20.00,19.20,19.00,19.30,19.70,19.00,18.00,17.20,17.40,17.50,18.60,NA,NA
Netherlands,NA,2.50,2.50,2.50,2.50,2.50,2.50,2.50,2.50,2.50,2.50,2.50,2.50,2.50,2.50,2.50,2.50,2.50,2.50,2.50,2.50,NA,NA
Norway,NA,2.50,2.50,2.50,2.50,2.50,2.50,2.50,2.50,2.50,2.50,2.50,2.50,2.50,2.50,2.50,2.50,2.50,2.50,2.50,2.50,NA,NA
Nepal,NA,23.50,21.70,19.80,17.60,16.80,15.90,14.90,13.00,11.20,9.90,8.60,7.70,6.80,6.10,5.30,4.50,4.20,4.30,4.80,5.50,NA,NA
Nauru,NA,NA,NA,NA,NA,NA,NA,NA,NA,NA,NA,NA,NA,NA,NA,NA,NA,NA,NA,NA,NA,NA,NA
New Zealand,NA,2.50,2.50,2.50,2.50,2.50,2.50,2.50,2.50,2.50,2.50,2.50,2.50,2.50,2.50,2.50,2.50,2.50,2.50,2.50,2.50,NA,NA
Oman,NA,12.30,11.30,11.00,10.10,9.60,9.60,9.70,9.70,8.60,7.70,6.80,6.60,6.60,7.10,8.10,8.40,8.40,7.90,8.80,9.80,NA,NA
Pakistan,NA,21.10,21.80,21.00,19.00,17.60,16.40,15.80,15.80,15.60,15.40,15.10,14.70,14.20,13.40,12.80,12.40,12.10,12.30,14.10,16.90,NA,NA
Panama,NA,24.50,20.50,21.00,21.30,21.60,18.50,16.20,14.10,12.40,10.90,9.10,8.40,8.20,8.30,8.10,7.80,6.70,6.00,5.40,5.80,NA,NA
Peru,NA,21.50,22.90,23.10,21.70,18.80,15.70,13.70,11.60,9.70,8.70,7.70,6.70,5.70,5.40,5.90,6.90,7.60,7.60,8.10,8.30,NA,NA
Philippines,NA,18.70,18.40,17.00,15.90,14.40,13.20,12.10,11.30,11.50,12.20,12.40,12.10,11.60,11.10,10.20,8.80,7.50,6.20,5.50,5.20,NA,NA
Palau,NA,NA,NA,NA,NA,NA,NA,NA,NA,NA,NA,NA,NA,NA,NA,NA,NA,NA,NA,NA,NA,NA,NA
Papua New Guinea,NA,26.30,27.00,27.70,28.60,27.40,27.30,26.60,27.00,26.60,26.20,25.00,24.00,23.30,23.10,23.00,23.20,23.10,22.60,21.90,21.60,NA,NA
Poland,NA,2.50,2.50,2.50,2.50,2.50,2.50,2.50,2.50,2.50,2.50,2.50,2.50,2.50,2.50,2.50,2.50,2.50,2.50,2.50,2.50,NA,NA
Puerto Rico,NA,NA,NA,NA,NA,NA,NA,NA,NA,NA,NA,NA,NA,NA,NA,NA,NA,NA,NA,NA,NA,NA,NA
"Korea, Dem. People's Rep.",NA,35.70,34.80,32.30,32.60,33.80,36.10,38.20,39.70,39.60,39.10,38.20,38.60,38.60,39.60,40.30,41.20,42.90,42.60,43.00,41.60,NA,NA
Portugal,NA,2.50,2.50,2.50,2.50,2.50,2.50,2.50,2.50,2.50,2.50,2.50,2.50,2.50,2.50,2.50,2.50,2.50,2.50,2.50,2.50,NA,NA
Paraguay,NA,10.50,9.30,8.80,9.10,9.50,9.70,9.40,9.60,8.80,7.70,7.20,7.20,7.40,7.10,7.40,7.70,7.80,7.80,8.20,8.70,NA,NA
West Bank and Gaza,NA,NA,NA,NA,NA,NA,NA,NA,NA,NA,NA,NA,NA,NA,NA,NA,NA,NA,NA,NA,NA,NA,NA
French Polynesia,NA,4.20,4.10,3.90,3.90,3.80,3.80,3.80,3.70,3.60,3.50,3.60,3.60,3.60,3.50,3.60,3.80,4.00,4.10,4.10,4.00,NA,NA
Qatar,NA,NA,NA,NA,NA,NA,NA,NA,NA,NA,NA,NA,NA,NA,NA,NA,NA,NA,NA,NA,NA,NA,NA
Romania,NA,2.50,2.50,2.50,2.50,2.50,2.50,2.50,2.50,2.50,2.50,2.50,2.50,2.50,2.50,2.50,2.50,2.50,2.50,2.50,2.50,NA,NA
Russian Federation,NA,4.00,3.30,2.80,2.50,2.50,2.50,2.50,2.50,2.50,2.50,2.50,2.50,2.50,2.50,2.50,2.50,2.50,2.50,2.50,2.50,NA,NA
Rwanda,NA,38.50,35.20,34.60,35.90,35.30,33.70,32.30,29.50,29.90,31.40,34.30,34.50,34.80,35.10,35.30,34.90,34.70,34.70,35.20,35.80,NA,NA
Saudi Arabia,NA,4.90,5.00,5.10,5.00,4.80,4.50,4.80,5.50,5.60,5.90,5.40,5.40,4.60,4.30,3.70,3.70,3.70,3.80,3.90,3.70,NA,NA
Sudan,NA,21.50,20.30,20.00,19.70,18.90,17.60,16.70,16.30,16.50,16.50,15.50,13.50,11.70,11.10,11.20,11.80,11.80,11.80,11.70,12.80,NA,NA
Senegal,NA,24.10,22.90,21.40,19.60,18.10,16.50,13.60,11.90,11.00,11.30,11.50,11.90,12.00,11.80,10.70,9.50,8.50,7.80,7.40,7.50,NA,NA
Singapore,NA,NA,NA,NA,NA,NA,NA,NA,NA,NA,NA,NA,NA,NA,NA,NA,NA,NA,NA,NA,NA,NA,NA
Solomon Islands,NA,13.30,13.10,12.60,12.70,12.50,12.80,12.60,13.20,13.00,13.70,14.70,16.50,18.00,18.70,18.50,18.10,17.70,17.60,17.80,18.10,NA,NA
Sierra Leone,NA,50.70,49.80,49.40,48.80,46.70,43.70,41.70,40.30,34.90,29.10,24.40,24.30,25.40,25.00,25.80,25.90,27.20,27.70,27.90,27.40,NA,NA
El Salvador,NA,7.20,7.10,7.90,8.70,9.10,9.40,9.70,9.90,10.20,10.50,10.70,10.70,10.70,10.80,10.60,9.90,9.20,8.40,8.30,7.70,NA,NA
San Marino,NA,NA,NA,NA,NA,NA,NA,NA,NA,NA,NA,NA,NA,NA,NA,NA,NA,NA,NA,NA,NA,NA,NA
Somalia,NA,70.60,70.50,70.60,70.70,70.80,70.90,70.90,70.80,70.90,70.40,68.70,65.90,62.40,60.40,59.90,59.70,58.90,56.60,54.80,53.10,NA,NA
Serbia,NA,3.10,3.00,2.70,2.50,2.50,2.50,2.50,2.50,2.50,2.50,2.60,2.60,3.20,3.70,4.10,4.20,4.00,3.80,3.70,3.30,NA,NA
South Sudan,NA,NA,NA,NA,NA,NA,NA,NA,NA,NA,NA,NA,NA,NA,NA,NA,NA,NA,NA,NA,NA,NA,NA
Sao Tome and Principe,NA,14.70,12.80,11.20,9.80,9.00,9.00,9.80,11.10,12.10,13.00,13.50,13.30,12.90,13.00,12.90,12.90,12.50,12.80,13.00,13.50,NA,NA
Suriname,NA,11.80,11.50,10.90,10.30,9.70,8.80,8.80,8.30,7.70,7.30,7.40,7.40,7.10,7.30,7.80,8.30,8.30,8.00,8.00,8.20,NA,NA
Slovak Republic,NA,6.10,6.20,6.00,5.80,5.50,5.60,5.40,4.90,4.70,5.00,5.80,5.60,5.40,5.80,5.80,5.60,4.40,3.90,3.70,3.80,NA,NA
Slovenia,NA,2.50,2.50,2.50,2.50,2.50,2.50,2.50,2.50,2.50,2.50,2.50,2.50,2.50,2.50,2.50,2.50,2.50,2.50,2.50,2.50,NA,NA
Sweden,NA,2.50,2.50,2.50,2.50,2.50,2.50,2.50,2.50,2.50,2.50,2.50,2.50,2.50,2.50,2.50,2.50,2.50,2.50,2.50,2.50,NA,NA
Eswatini,NA,10.50,9.70,8.30,8.40,9.20,10.20,10.70,10.90,15.00,17.60,19.30,16.20,13.80,12.70,12.80,13.00,12.40,11.80,11.10,11.00,NA,NA
Sint Maarten (Dutch part),NA,NA,NA,NA,NA,NA,NA,NA,NA,NA,NA,NA,NA,NA,NA,NA,NA,NA,NA,NA,NA,NA,NA
Seychelles,NA,NA,NA,NA,NA,NA,NA,NA,NA,NA,NA,NA,NA,NA,NA,NA,NA,NA,NA,NA,NA,NA,NA
Syrian Arab Republic,NA,NA,NA,NA,NA,NA,NA,NA,NA,NA,NA,NA,NA,NA,NA,NA,NA,NA,NA,NA,NA,NA,NA
Turks and Caicos Islands,NA,NA,NA,NA,NA,NA,NA,NA,NA,NA,NA,NA,NA,NA,NA,NA,NA,NA,NA,NA,NA,NA,NA
Chad,NA,38.80,37.60,38.00,37.10,37.80,38.40,39.20,40.10,35.70,31.40,26.00,25.40,25.60,27.00,28.00,28.50,29.10,30.30,31.70,32.70,NA,NA
Togo,NA,31.30,31.10,29.80,28.70,27.70,27.20,26.20,25.50,23.00,20.80,19.40,19.40,19.40,20.20,20.50,21.20,21.00,20.70,20.10,18.80,NA,NA
Thailand,NA,17.30,16.40,15.00,13.70,11.90,10.60,10.20,10.60,10.30,9.90,9.00,8.80,8.20,7.80,7.30,7.50,7.70,7.80,8.00,8.80,NA,NA
Tajikistan,NA,NA,NA,NA,NA,NA,NA,NA,NA,NA,NA,NA,NA,NA,NA,NA,NA,NA,NA,NA,NA,NA,NA
Turkmenistan,NA,6.80,6.20,5.20,4.50,4.20,4.00,3.90,4.00,4.20,4.30,4.30,4.30,3.90,3.60,3.40,3.40,3.50,3.50,3.50,3.50,NA,NA
Timor-Leste,NA,41.50,36.50,33.10,32.50,32.20,31.90,31.70,32.40,31.80,31.20,29.30,28.30,26.70,25.30,24.50,24.20,24.60,25.10,25.00,26.20,NA,NA
Tonga,NA,NA,NA,NA,NA,NA,NA,NA,NA,NA,NA,NA,NA,NA,NA,NA,NA,NA,NA,NA,NA,NA,NA
Trinidad and Tobago,NA,10.00,10.50,11.10,11.50,11.10,10.50,9.90,9.60,9.10,8.20,7.20,6.70,6.60,6.60,6.80,6.80,6.90,7.00,7.30,7.50,NA,NA
Tunisia,NA,4.40,4.40,4.50,4.40,4.30,4.30,4.00,3.80,3.60,3.40,3.20,3.00,2.80,2.70,2.50,2.50,2.50,2.50,2.60,3.10,NA,NA
Turkiye,NA,2.50,2.50,2.50,2.50,2.50,2.50,2.50,2.50,2.50,2.50,2.50,2.50,2.50,2.50,2.50,2.50,2.50,2.50,2.50,2.50,NA,NA
Tuvalu,NA,NA,NA,NA,NA,NA,NA,NA,NA,NA,NA,NA,NA,NA,NA,NA,NA,NA,NA,NA,NA,NA,NA
Tanzania,NA,33.10,34.00,32.50,31.60,28.40,25.90,25.70,25.90,26.70,25.60,24.20,23.20,22.70,22.50,22.50,22.70,23.00,23.30,23.40,22.60,NA,NA
Uganda,NA,NA,NA,NA,NA,NA,NA,NA,NA,NA,NA,NA,NA,NA,NA,NA,NA,NA,NA,NA,NA,NA,NA
Ukraine,NA,3.00,2.50,2.50,2.50,2.50,2.50,2.50,2.50,2.50,2.50,2.50,2.50,2.50,2.50,2.50,2.50,2.50,2.50,2.60,2.80,NA,NA
Uruguay,NA,3.60,3.50,3.70,3.80,3.90,3.70,3.10,2.50,2.50,2.50,2.50,2.50,2.50,2.50,2.50,2.50,2.50,2.50,2.50,2.50,NA,NA
United States,NA,2.50,2.50,2.50,2.50,2.50,2.50,2.50,2.50,2.50,2.50,2.50,2.50,2.50,2.50,2.50,2.50,2.50,2.50,2.50,2.50,NA,NA
Uzbekistan,NA,17.90,19.20,18.70,16.80,14.70,12.60,11.50,11.20,8.40,5.40,2.50,2.50,2.50,2.50,2.50,2.50,2.50,2.50,2.50,2.50,NA,NA
St. Vincent and the Grenadines,NA,13.40,11.90,9.50,8.70,7.90,7.20,6.80,6.40,6.00,5.80,5.60,5.50,5.40,5.60,5.90,5.80,5.70,5.50,6.60,7.60,NA,NA
"Venezuela, RB",NA,14.90,15.10,14.60,10.00,8.40,7.00,4.80,2.80,2.50,2.50,2.50,2.50,2.50,4.50,11.30,16.40,22.20,22.70,24.90,22.90,NA,NA
British Virgin Islands,NA,NA,NA,NA,NA,NA,NA,NA,NA,NA,NA,NA,NA,NA,NA,NA,NA,NA,NA,NA,NA,NA,NA
Virgin Islands (U.S.),NA,NA,NA,NA,NA,NA,NA,NA,NA,NA,NA,NA,NA,NA,NA,NA,NA,NA,NA,NA,NA,NA,NA
Vietnam,NA,19.70,18.00,16.30,15.70,15.50,15.30,14.10,12.90,11.70,10.90,9.80,9.20,8.70,8.60,8.10,7.80,7.20,6.80,6.20,5.70,NA,NA
Vanuatu,NA,7.50,7.40,7.20,7.00,6.90,6.40,6.10,5.90,6.10,6.30,6.90,7.40,8.10,8.80,10.30,11.20,12.30,12.60,12.40,11.90,NA,NA
Samoa,NA,3.50,3.50,3.40,3.30,3.40,3.80,3.90,4.00,3.90,4.20,4.10,4.00,3.70,4.10,4.40,4.70,4.60,4.50,4.40,4.40,NA,NA
Kosovo,NA,NA,NA,NA,NA,NA,NA,NA,NA,NA,NA,NA,NA,NA,NA,NA,NA,NA,NA,NA,NA,NA,NA
"Yemen, Rep.",NA,26.70,27.60,28.00,28.30,27.80,26.60,26.10,26.00,24.20,27.10,29.10,33.30,34.30,38.10,43.40,46.10,46.60,44.70,42.80,41.40,NA,NA
South Africa,NA,3.90,3.70,3.60,3.40,3.40,3.50,3.60,3.60,3.60,3.70,3.80,3.90,4.30,4.80,5.20,5.40,5.50,5.70,6.30,6.90,NA,NA
